{"25_10_25_40": [[0.84521484375, -0.5421245421245373, -1.01416015625, 0.24107415318889108], [-0.5421245421245421, 0.1542501725651915, 0.6581196581196581, -0.11104329840979214], [-1.01416015625, 0.6581196581196592, 0.858154296875, -0.06698199572779973], [0.24107415318889228, -0.11104329840978938, -0.06713457430576747, -0.08095324875038676]], "25_25_25_25": [[0.96826171875, -0.265625, -1.38525390625, 0.6826171875], [-0.265625, -0.01611328125, 0.7578125, -0.47607421875], [-1.3857421875, 0.758056640625, 0.950439453125, -0.32275390625], [0.6826171875, -0.47607421875, -0.32275390625, 0.1162109375]], "25_40_25_10": [[0.96484375, 0.24229478181263256, -1.673095703125, 0.8015873015873021], [0.24214220323466584, -0.5768987186472381, 0.7027769301190113, -0.054575438463139433], [-1.6728515625, 0.703082087274947, 0.929931640625, -0.9554334554334493], [0.8015873015873016, -0.05533851765160888, -0.9554334554334555, 0.6061309467902883]]}