{"10_40_10_40": [[0.7648998674639708, -0.3277814303455298, -0.8914874299489632, 0.35920902363855595], [-0.327399774286217, 0.07190787776868632, 0.4710247017939343, -0.10774832922483638], [-0.8914874299489631, 0.47064304573462246, 0.6671959162801663, -0.41431722639776103], [0.3588276004383408, -0.10755761762472893, -0.41431722639775886, 0.12135593624142949]], "20_30_20_30": [[0.8389411429704475, -0.2894886057279206, -0.985756476598961, 0.3870504354440858], [-0.28923416835504345, -0.004857997938990757, 0.49443294009838745, -0.13183387034545876], [-0.9857564765989609, 0.4949418148441368, 0.6969650889064819, -0.30216825784129503], [0.38705043544409345, -0.13166438339272762, -0.3021682578412916, 0.07501520255492584]], "25_10_25_40": [[0.74658203125, -0.48412698412697996, -0.841552734375, 0.1803478791577658], [-0.48412698412698413, 0.14814367561620292, 0.5311355311355311, -0.06640316588439871], [-0.841552734375, 0.5311355311355326, 0.79296875, -0.10238022581629519], [0.18034787915776626, -0.06640316588439771, -0.1023802258162954, -0.03213108366921261]], "25_20_25_30": [[0.79736328125, -0.2997557997557957, -0.904296875, 0.2888527257933291], [-0.30006105006105005, -0.019403334421649543, 0.45848595848595847, -0.11906897911779975], [-0.904296875, 0.45940170940171116, 0.750732421875, -0.17819365337672824], [0.28885272579332794, -0.11932331297668665, -0.17799023596419852, -0.012853861885369886]], "25_25_25_25": [[0.84521484375, -0.266357421875, -0.943603515625, 0.36474609375], [-0.266357421875, -0.043212890625, 0.470703125, -0.1611328125], [-0.943359375, 0.471435546875, 0.708984375, -0.237060546875], [0.36474609375, -0.1611328125, -0.237060546875, 0.033447265625]], "25_30_25_20": [[0.856689453125, -0.19039869812855822, -0.949462890625, 0.4017094017094036], [-0.1903986981285598, -0.12861343144154566, 0.4452807160292921, -0.12568165944894719], [-0.949462890625, 0.4454841334418267, 0.674072265625, -0.32417582417582014], [0.4017094017094017, -0.12568165944894988, -0.3241758241758242, 0.09165857883806734]], "25_40_25_10": [[0.890625, -0.07750991760756804, -0.95458984375, 0.4700854700854718], [-0.0778150747635032, -0.14722552361643557, 0.33857186451022275, -0.06296930953628987], [-0.95458984375, 0.33948733597802894, 0.589111328125, -0.44444444444444015], [0.4700854700854701, -0.06296930953629151, -0.4444444444444444, 0.18783590578462478]], "30_20_30_20": [[0.8317320840723326, -0.24521650284775684, -0.898442051474198, 0.3448603790067199], [-0.24572537759350843, -0.14687645823176698, 0.4544862725570926, -0.1660621221596841], [-0.8981028016437003, 0.4544862725570924, 0.7365725066172717, -0.21193206071254955], [0.34486037900672173, -0.16606212215968053, -0.2119320607125486, -0.03328970850684179]], "40_10_40_10": [[0.7831239442961062, -0.21633786102650246, -0.794833032928265, 0.26253310906173183], [-0.21671951708581494, -0.36480206809876875, 0.3862970566267287, -0.3127443675555752], [-0.794833032928265, 0.38667871268604076, 0.7283562997848722, -0.12047757358354136], [0.2621523827370377, -0.3127443675555712, -0.12009684725884301, -0.254855416806991]]}